address	type	name
0ff0:0100	Function	entry
1000:002a	Label	LAB_1000_002a
1000:003c	Label	LAB_1000_003c
1000:0088	Label	LAB_1000_0088
1000:008c	Label	LAB_1000_008a+2
1000:0092	Label	LAB_1000_0092
1000:0098	Label	LAB_1000_0098
1000:009e	Label	LAB_1000_009e
1000:00a2	Label	LAB_1000_00a2
1000:00a4	Label	LAB_1000_00a4
1000:00aa	Label	LAB_1000_00aa
1000:00b0	Label	LAB_1000_00b0
1000:00b6	Label	LAB_1000_00b6
1000:00bc	Label	LAB_1000_00bc
1000:00c2	Label	LAB_1000_00c2
1000:00c3	Label	LAB_1000_00c3
1000:00ca	Label	LAB_1000_00ca
1000:00d3	Label	LAB_1000_00d3
1000:00da	Label	LAB_1000_00da
1000:00e6	Label	LAB_1000_00e6
1000:00f1	Label	LAB_1000_00f1
1000:00fd	Label	LAB_1000_00fd
1000:0104	Label	LAB_1000_0104
1000:0109	Label	LAB_1000_0109
1000:010b	Label	LAB_1000_010b
1000:0117	Label	LAB_1000_0117
1000:011e	Label	LAB_1000_011e
1000:0125	Label	LAB_1000_0125
1000:0130	Label	LAB_1000_0130
1000:0137	Label	LAB_1000_0137
1000:013c	Label	LAB_1000_013c
1000:014e	Label	LAB_1000_014e
1000:0157	Label	LAB_1000_0157
1000:0167	Label	LAB_1000_0167
1000:0177	Label	LAB_1000_0177
1000:0181	Label	LAB_1000_0181
1000:018d	Label	LAB_1000_018d
1000:019d	Label	LAB_1000_019d
1000:01a4	Label	LAB_1000_01a4
1000:01b1	Label	LAB_1000_01b1
1000:01be	Label	LAB_1000_01be
1000:01e9	Label	LAB_1000_01e9
1000:01f5	Label	LAB_1000_01f5
1000:0205	Label	LAB_1000_0205
1000:0207	Label	LAB_1000_0207
1000:020f	Label	LAB_1000_020f
1000:0215	Label	LAB_1000_0215
1000:0220	Label	LAB_1000_0220
1000:0229	Label	LAB_1000_0229
6000:1f90	Label	DAT_6000_1f90
6000:23dc	Label	DAT_6000_23dc
6000:23de	Label	DAT_6000_23de
